{"stats":{"minecraft:picked_up":{"minecraft:rabbit":1},"minecraft:custom":{"minecraft:jump":120,"minecraft:time_since_rest":3020,"minecraft:damage_dealt":10,"minecraft:leave_game":3,"minecraft:play_time":3020,"minecraft:sprint_one_cm":12188,"minecraft:damage_taken":40,"minecraft:time_since_death":3020,"minecraft:walk_one_cm":4923,"minecraft:total_world_time":3020,"minecraft:mob_kills":1,"minecraft:fall_one_cm":2805,"minecraft:fly_one_cm":28091},"minecraft:used":{"minecraft:rabbit":1}},"DataVersion":3465}