{"stats":{"minecraft:used":{"minecraft:rabbit":1},"minecraft:custom":{"minecraft:jump":178,"minecraft:time_since_rest":4221,"minecraft:damage_dealt":10,"minecraft:leave_game":4,"minecraft:play_time":4221,"minecraft:sprint_one_cm":16799,"minecraft:damage_taken":60,"minecraft:time_since_death":4221,"minecraft:walk_one_cm":6808,"minecraft:total_world_time":4221,"minecraft:mob_kills":1,"minecraft:fall_one_cm":7894,"minecraft:fly_one_cm":45520},"minecraft:picked_up":{"minecraft:rabbit":1}},"DataVersion":3465}